hamming	total_possible	high_conf	med_conf	low_conf	missing	observed	mean_an	median_an	expected	fold_depletion	binom_p
1	31174	29957	268	519	430	1	146889.9404436638	152250.0	76.50532257510517	76.50532257510517	4.2044407514913687e-32
2	728025	708561	2894	8464	8106	677	148096.70548908974	152270.0	1786.6743910868333	2.6391054521223536	2.65904539562184e-199
3	2591133	2514595	12646	31801	32091	6359	147907.06259100084	152260.0	6359.0	1.0	0.5033351547924498
